[
  {	"_id":123, "firstName":"Alice",            "lastName":"Wonderland",
  "username":"alice",  "password":"alice",   "roles": ["notemaker"]		},
  {	"_id":234, "firstName":"Bob",              "lastName":"Hope",
  "username":"bob",    "password":"bob",     "roles": ["admin"]		},
  {	"_id":345, "firstName":"Charlie",          "lastName":"Brown",
  "username":"charlie","password":"charlie", "roles": ["notemaker"]		},
  {	"_id":456, "firstName":"Dan",              "lastName":"Craig",
  "username":"dan",    "password":"dan",     "roles": ["notemaker", "admin"]},
  {	"_id":567, "firstName":"Edward",           "lastName":"Norton",
  "username":"ed",     "password":"ed",      "roles": ["notemaker"]		}
]
